can-a-prenup-protect-a-business	7857557	Young woman managing her online clothing business from home office with boxes and laptop.	https://images.pexels.com/photos/7857557/pexels-photo-7857557.jpeg?auto=compress&cs=tinysrgb&w=1600
what-happens-to-debt-when-you-get-married	6964105	A couple reviewing household bills and budget using a calculator and laptop at their kitchen table.	https://images.pexels.com/photos/6964105/pexels-photo-6964105.jpeg?auto=compress&cs=tinysrgb&w=1600
can-a-prenup-protect-an-inheritance	8482871	Close-up of a home for sale sign with people exchanging keys.	https://images.pexels.com/photos/8482871/pexels-photo-8482871.jpeg?auto=compress&cs=tinysrgb&w=1600
do-i-need-a-prenup	5530617	Asian couple enjoying a thoughtful conversation sitting on a tree branch outdoors.	https://images.pexels.com/photos/5530617/pexels-photo-5530617.jpeg?auto=compress&cs=tinysrgb&w=1600
is-a-prenup-worth-it	4308060	Offended Indian woman sitting on sofa and looking sadly away while bearded husband trying to make peace after quarrel	https://images.pexels.com/photos/4308060/pexels-photo-4308060.jpeg?auto=compress&cs=tinysrgb&w=1600
how-much-does-a-prenup-cost	5900228	Hands handling cash and calculator for budget planning. Modern financial scene.	https://images.pexels.com/photos/5900228/pexels-photo-5900228.jpeg?auto=compress&cs=tinysrgb&w=1600
how-to-bring-up-a-prenup	20459081	Couple having a serious conversation at the kitchen table with coffee cups.	https://images.pexels.com/photos/20459081/pexels-photo-20459081.jpeg?auto=compress&cs=tinysrgb&w=1600
does-a-prenup-mean-you-dont-trust-your-partner	8575567	A close-up view of a couple holding hands and wearing casual attire outdoors.	https://images.pexels.com/photos/8575567/pexels-photo-8575567.jpeg?auto=compress&cs=tinysrgb&w=1600
partner-refuses-to-sign-prenup	5700143	Young dissatisfied African American man with raised arm having conflict with girlfriend in house	https://images.pexels.com/photos/5700143/pexels-photo-5700143.jpeg?auto=compress&cs=tinysrgb&w=1600
prenup-30-days-before-wedding	811572	Flat lay of wedding planning materials including a journal, leaves, and stationery.	https://images.pexels.com/photos/811572/pexels-photo-811572.jpeg?auto=compress&cs=tinysrgb&w=1600
prenup-checklist	11616422	A close-up image of a person's hand writing in a notebook, emphasizing focus and creativity.	https://images.pexels.com/photos/11616422/pexels-photo-11616422.jpeg?auto=compress&cs=tinysrgb&w=1600
what-does-a-prenup-cover	261621	A hand signs a formal contract with a pen on a wooden desk.	https://images.pexels.com/photos/261621/pexels-photo-261621.jpeg?auto=compress&cs=tinysrgb&w=1600
what-happens-if-you-divorce-without-a-prenup	8560663	A couple experiencing relationship tension sitting silently on a sofa.	https://images.pexels.com/photos/8560663/pexels-photo-8560663.jpeg?auto=compress&cs=tinysrgb&w=1600
is-an-online-prenup-legal	7875863	Black woman lawyer reading legal papers at her desk in a modern office.	https://images.pexels.com/photos/7875863/pexels-photo-7875863.jpeg?auto=compress&cs=tinysrgb&w=1600
lawyer-vs-online-prenup	7876197	Professional discussion among lawyers in a modern office, focusing on legal matters.	https://images.pexels.com/photos/7876197/pexels-photo-7876197.jpeg?auto=compress&cs=tinysrgb&w=1600
first-vs-helloprenup	7667442	A person points to t-shirt options in an online store on a laptop screen.	https://images.pexels.com/photos/7667442/pexels-photo-7667442.jpeg?auto=compress&cs=tinysrgb&w=1600
legalzoom-prenup-review	36496927	A programmer working on code with a laptop and monitor setup in an office.	https://images.pexels.com/photos/36496927/pexels-photo-36496927.jpeg?auto=compress&cs=tinysrgb&w=1600
second-marriage-prenup-protect-kids	27175805	Mother and children share a warm moment on the sofa, filled with love and togetherness.	https://images.pexels.com/photos/27175805/pexels-photo-27175805.jpeg?auto=compress&cs=tinysrgb&w=1600
