slug	photo_id	alt
can-a-prenup-protect-a-business	7857557	Small-business owner packing orders and filling out paperwork beside a laptop
can-a-prenup-protect-an-inheritance	7545406	Older woman sorting through black-and-white family photographs at a table
do-i-need-a-prenup	5530617	Couple having a thoughtful conversation outdoors while sitting together on a tree branch
does-a-prenup-mean-you-dont-trust-your-partner	8575567	Couple standing close outdoors with arms linked and hands held
first-vs-helloprenup	6894200	Top view of two people working side by side on two laptops
how-much-does-a-prenup-cost	5900228	Hands using a calculator next to a stack of cash and a notebook
how-to-bring-up-a-prenup	20459081	Couple having a serious conversation over coffee at the kitchen table
is-an-online-prenup-legal	4458599	Woman wearing glasses working on a laptop in a cozy bedroom
is-a-prenup-worth-it	4308059	Thoughtful couple sitting on the couch, weighing their options
lawyer-vs-online-prenup	7876197	Two attorneys discussing documents with a client across a desk
legalzoom-prenup-review	5387239	Woman in a white blouse taking notes at a desk beside her laptop
partner-refuses-to-sign-prenup	5700143	Upset man and his partner in a tense conversation at home
prenup-30-days-before-wedding	811572	Wedding planning flat lay with a notebook, checklist cards, and stationery
prenup-checklist	11616422	Hand writing a checklist in an open notebook
second-marriage-prenup-protect-kids	19510865	Family of five relaxing together on a blanket in a sunlit meadow
what-does-a-prenup-cover	261621	Hand signing a formal contract with a pen on a wooden desk
what-happens-if-you-divorce-without-a-prenup	6964083	Stressed couple reviewing financial documents at a kitchen table
what-happens-to-debt-when-you-get-married	6964105	Couple reviewing household bills with a calculator and laptop at the kitchen table
